{
  "version": 1,
  "author": "Anonymous maker",
  "editor": "wokwi",
  "parts": [
    { "type": "wokwi-breadboard", "id": "bb1", "top": 333, "left": 79.6, "attrs": {} },
    { "type": "wokwi-arduino-mega", "id": "mega", "top": -85.8, "left": -61.2, "attrs": {} },
    {
      "type": "wokwi-hc-sr04",
      "id": "ultrasonic1",
      "top": -209.7,
      "left": 408.7,
      "attrs": { "distance": "400" }
    },
    { "type": "wokwi-pir-motion-sensor", "id": "pir1", "top": 215.2, "left": 290.22, "attrs": {} },
    {
      "type": "wokwi-buzzer",
      "id": "bz1",
      "top": 405.6,
      "left": 597,
      "attrs": { "volume": "0.1" }
    },
    { "type": "wokwi-ili9341", "id": "lcd1", "top": -18.4, "left": -307.5, "attrs": {} }
  ],
  "connections": [
    [ "mega:GND.2", "bb1:tn.1", "black", [ "v0" ] ],
    [ "ultrasonic1:VCC", "bb1:tp.2", "red", [ "v0" ] ],
    [ "ultrasonic1:GND", "bb1:tn.2", "black", [ "v0" ] ],
    [ "ultrasonic1:TRIG", "mega:30", "green", [ "v259.2", "h239.6", "v115.2" ] ],
    [ "ultrasonic1:ECHO", "mega:32", "blue", [ "v0" ] ],
    [ "bz1:2", "mega:34", "red", [ "v0" ] ],
    [ "bz1:1", "bb1:tn.3", "black", [ "v0" ] ],
    [ "lcd1:VCC", "bb1:tp.3", "red", [ "v0" ] ],
    [ "lcd1:GND", "bb1:tn.3", "black", [ "v0" ] ],
    [ "lcd1:RST", "mega:A4", "blue", [ "v0" ] ],
    [ "lcd1:MOSI", "mega:51", "gray", [ "v0" ] ],
    [ "mega:5V", "bb1:tp.1", "red", [ "v0" ] ],
    [ "lcd1:SCK", "mega:52", "white", [ "v-134.4", "h326.39" ] ],
    [ "lcd1:LED", "mega:3.3V", "purple", [ "v-163.2", "h124.79" ] ],
    [ "lcd1:MISO", "mega:50", "magenta", [ "v-67.2", "h316.79", "v-134.4" ] ],
    [ "pir1:VCC", "bb1:tp.5", "red", [ "v0" ] ],
    [ "pir1:GND", "bb1:tn.5", "black", [ "v0" ] ],
    [ "pir1:OUT", "mega:7", "green", [ "v-163.2", "h57.46" ] ],
    [ "lcd1:CS", "mega:A3", "green", [ "v0" ] ],
    [ "lcd1:D/C", "mega:A2", "violet", [ "v0" ] ],
    [ "bz1:1", "bb1:55b.j", "", [ "$bb" ] ],
    [ "bz1:2", "bb1:56b.j", "", [ "$bb" ] ]
  ],
  "dependencies": {}
}